{"players":[],"wind":{"strenght":0.8767742,"direction":0.9832897},"map":{"start_pos_x":41.193962,"start_pos_y":22.446182,"end_pos_x":18.479515,"end_pos_y":20.862411}}