{"players":[],"wind":{"strenght":0.82095844,"direction":1.4082633},"map":{"start_pos_x":62.172943,"start_pos_y":19.579353,"end_pos_x":49.39563,"end_pos_y":23.911293}}