{"players":[{"id":1,"ball_pos_x":5.055919,"ball_pos_y":30.118132,"ball_height":0.29480356,"ball_vel_dir":80.47059,"ball_vel_amount":0.25967413,"ball_vel_height":-1.5498834,"in_hole":false}],"wind":{"strenght":0.89256656,"direction":2.4618757},"map":{"start_pos_x":63.877495,"start_pos_y":34.5456,"end_pos_x":50.152893,"end_pos_y":15.753853}}